<?xml version="1.0" encoding="UTF-8"?>
<project-private xmlns="http://www.netbeans.org/ns/project-private/1">
    <editor-bookmarks xmlns="http://www.netbeans.org/ns/editor-bookmarks/2" lastBookmarkId="0"/>
    <open-files xmlns="http://www.netbeans.org/ns/projectui-open-files/2">
        <group>
            <file>file:/D:/Net_Beats_java/Digital_Lab/web/update_book.jsp</file>
            <file>file:/D:/Net_Beats_java/Digital_Lab/src/java/digital_library/book_Update.java</file>
            <file>file:/D:/Net_Beats_java/Digital_Lab/web/member_login.html</file>
            <file>file:/D:/Net_Beats_java/Digital_Lab/web/index.html</file>
            <file>file:/D:/Net_Beats_java/Digital_Lab/web/update_Member.jsp</file>
            <file>file:/D:/Net_Beats_java/Digital_Lab/src/java/digital_library/Contact.java</file>
            <file>file:/D:/Net_Beats_java/Digital_Lab/src/java/digital_library/book_Register.java</file>
            <file>file:/D:/Net_Beats_java/Digital_Lab/src/java/digital_library/Digital_Lib.java</file>
            <file>file:/D:/Net_Beats_java/Digital_Lab/src/java/digital_library/member_Delete.java</file>
            <file>file:/D:/Net_Beats_java/Digital_Lab/src/java/digital_library/book_Delete.java</file>
            <file>file:/D:/Net_Beats_java/Digital_Lab/src/java/digital_library/member_Login.java</file>
            <file>file:/D:/Net_Beats_java/Digital_Lab/src/java/digital_library/book_Issue.java</file>
            <file>file:/D:/Net_Beats_java/Digital_Lab/web/search.jsp</file>
            <file>file:/D:/Net_Beats_java/Digital_Lab/web/home.jsp</file>
            <file>file:/D:/Net_Beats_java/Digital_Lab/src/java/digital_library/member_Register.java</file>
            <file>file:/D:/Net_Beats_java/Digital_Lab/src/java/digital_library/member_Update.java</file>
        </group>
    </open-files>
</project-private>
